{"color":{"r":0.1686274509803922,"b":0.8980392156862745,"g":0.5215686274509804,"a":1},"version":2,"index":1}