{"version":1,"index":0,"parentId":"42996B67-2E7C-4F99-AB65-E46828433213","color":{"r":0,"b":0.8901960784313725,"g":0.396078431372549,"a":1}}