{"version":1,"index":2,"parentId":"42996B67-2E7C-4F99-AB65-E46828433213","color":{"r":0.1490196078431373,"b":0,"g":0.4235294117647059,"a":1}}